keyword,1,,10
abd pads,1,,10
abdominal pads,1,,10
abenkle pcs,1,,10
abenkle small,1,,10
abrasion for,1,,10
absorbency count,1,,10
absorbency pads,1,,10
absorbency regular,1,,10
absorbency unscented,1,,10
absorbent abd,1,,10
absorbent boho,1,,10
absorbent coaster,1,,10
absorbent coasters,1,,10
absorbent diatomite,1,,10
absorbent for,1,,10
absorbent heat,1,,10
absorbent pulp,1,,10
absorbent puppy,1,,10
absorbent quick,1,,10
absorbing stone,1,,10
acacia wood,1,,10
accessories beige,1,,10
accessories cleaning,1,,10
accessories compatible,1,,10
accessories contains,1,,10
accessories for,1,,10
accessories gold,1,,10
accessories jewelry,1,,10
accessories pack,1,,10
accessories road,1,,10
accessories tools,1,,10
accessories white,1,,10
accordion file,1,,10
ace ace,1,,10
ace all,1,,10
ace dressing,1,,10
ace pocket,1,,10
acetate smooth,1,,10
acetate wide,1,,10
acids alkalis,1,,10
acne pads,1,,10
acne smooth,1,,10
acne treatment,200,500,1000
acne,199,250,500
acne cream,198,100,250
pimple cream,197,100,250
de la cruz acne treatment,196,10,50
علاج حب الشباب,195,10,50
acne spot treatment,194,50,100
sulfur,193,50,100
benzoyl peroxide cream,192,10,50
pimples removal cream,191,100,250
azelaic acid cream,190,500,1000
acne scars removal cream,189,100,250
anti acne,188,10,50
salicylic acid cream,187,50,100
azelaic acid gel,186,50,100
acne gel,185,10,50
pimple marks remover,184,250,500
body acne,183,50,100
moisturizer for acne skin,182,50,100
acne moisturizer,181,50,100
accutane,180,100,250
benzoyl peroxide 2.5,179,10,50
benzoyl peroxide,178,500,1000
adapalene,177,100,250
salicylic acid gel,176,10,50
adapalene gel,175,250,500
spot treatment,174,50,100
benzoyl peroxide gel cream,173,100,250
differin gel adapalene gel,172,10,50
azelaic acid 20,171,10,50
azelaic acid,170,1000,5000
acne soap,169,50,100
acne marks,168,10,50
isotretinoin,167,50,100
antibiotic cream,166,10,50
acne face wash,165,250,500
scar cream,164,50,100
differin,163,100,250
face wash for acne,162,100,250
acne cleanser,161,50,100
rosacea,160,10,50
scar removal cream,159,250,500
differin gel,158,250,500
eczema cream,157,250,500
tretinoin cream usp,156,10,50
pimple,155,100,250
hydrocortisone cream,154,100,250
azelaic acid 10,153,10,50
scar removal,152,50,100
peroxide,151,50,100
سالسيلك اسيد,150,100,250
eczema,149,50,100
tretinoin cream 0.025,148,100,250
azelaic,147,50,100
acretin c,146,10,50
japanese skincare,145,250,500
acne body wash,144,50,100
scar,143,50,100
cerave acne,142,50,100
derma co salicylic acid,141,50,100
skinoren cream,140,500,1000
skin cream,139,50,100
كريم وجه,138,100,250
اكرتين 0.05,137,10,50
glycolic acid cream,136,250,500
salicylic,135,50,100
face cream for oily skin,134,50,100
hyperpigmentation cream,133,100,250
facial wash for acne,132,10,50
skin,131,100,250
scar gel,130,100,250
skinoren,129,500,1000
psoriasis,128,50,100
اكرتين مقشر كريم,127,50,100
acretin cream,126,50,100
antifungal cream,125,100,250
كريمات,124,50,100
benzoyl peroxide body wash,123,50,100
كريم سكينورين,122,10,50
skinoren azelaic acid,121,100,250
dermaco,120,50,100
antifungal,119,100,250
اكرتين كريم لعلاج حب الشباب,118,10,50
كريم للوجه,117,50,100
cream,116,1000,5000
tretinoin gel,115,100,250
derma,114,100,250
مرطب للبشرة الدهنية,113,250,500
كريم,112,250,500
hydroquinone,111,100,250
سكينورين,110,100,250
bio,109,50,100
benzoyl peroxide face wash,108,100,250
benzoyl peroxide soap,107,50,100
clotrimazole cream,106,100,250
niacinamide moisturizer,105,10,50
كريم تفتيح,104,500,1000
benzac,103,50,100
مضاد حيوي,102,10,50
keratosis pilaris,101,10,50
كريم اكرتين,100,50,100
عنايه,99,50,100
مرطب للبشرة المختلطة,98,50,100
بانوكسيل,97,100,250
obagi,96,100,250
مرطب وجه للبشرة الدهنية,95,50,100
tretinoin cream,94,1000,5000
garnier body lotion,93,100,250
oily skin moisturizer,92,100,250
acretin,91,250,500
men face skin care,90,10,50
bioaqua cream,89,10,50
ديفرين,88,50,100
differin cream,87,50,100
epiduo gel,86,50,100
بانثينول كريم مرطب,85,50,100
mederma,84,100,250
face exfoliator,83,50,100
niacinamide cream,82,100,250
كريمات تفتيح,81,10,50
acretin 0.05,80,250,500
cream for face,79,100,250
cerave acne control gel,78,50,100
dermatouch,77,50,100
tretinoin,76,250,500
oxecure,75,100,250
itching cream,74,100,250
acm sebionex,73,50,100
cetaphil acne moisturizer,72,10,50
cream face,71,50,100
oily skin,70,10,50
اكرتين,69,500,1000
سكينورين كريم الاصلي,68,50,100
tretinoin cream 0.05,67,250,500
novaclear,66,100,250
cetaphil serum,65,100,250
acretin 0.025,64,100,250
the derma co,63,250,500
jock itch,62,50,100
epiduo,61,50,100
amoxicillin,60,100,250
cerave acne foaming cleanser,59,10,50
moisturizer for oily skin,58,500,1000
benzac ac,57,100,250
كريم مرطب للوجه,56,250,500
skinceuticals,55,250,500
retinoid cream,54,50,100
brightening face cream,53,10,50
mederma scars removal cream,52,100,250
تفتيح الجسم,51,10,50
bye bye blemish,50,10,50
benzac cream for acne,49,50,100
sebogel,48,100,250
moisturiser for oily skin,47,50,100
face cream,46,1000,5000
derma co,45,250,500
ringworm cream,44,50,100
salicylic acid face wash,43,50,100
غسول بانوكسيل,42,50,100
peeling,41,100,250
salicylic acid soap,40,100,250
كريم مرطب للوجه للبشره الدهنيه,39,10,50
غسول,38,500,1000
moisturizing cream for face,37,50,100
كريمات تفتيح وتبييض الجسم,36,250,500
acretin acne cream,35,10,50
facial cream,34,50,100
anti itch cream,33,10,50
مرطب للوجه,32,100,250
pigmentation cream for face,31,250,500
mederma advanced scar gel,30,100,250
derma co face wash,29,250,500
personal care,28,50,100
salicylic acid facial wash,27,500,1000
warts removal,26,250,500
derma face wash,25,50,100
the derma co face wash,24,50,100
clotrimazole,23,100,250
pharmaceris,22,100,250
skin whitening cream for men,21,50,100
best moisturizer,20,50,100
cica,19,100,250
hydrocortisone,18,10,50
oil control face wash,17,10,50
melasma cream,16,100,250
تقشير الوجه,15,50,100
face moisturizer for oily skin,14,250,500
مرطب وجه للبشره المختلطه,13,50,100
black spots removal cream,12,50,100
wart,11,10,50
vaginal cream,10,10,50
ointment,9,50,100
مرطب وجه,8,1000,5000
acne serum,7,50,100
salicylic face wash,6,10,50
nova clear,5,50,100
cream for melasma,4,50,100
differin gel adapalene 0.1,3,50,100
melasma and dark spot cream,2,100,250
face peeling,1,50,100
acrylic assorted,1,,10
acrylic beads,1,,10
acrylic bear,1,,10
acrylic gouache,1,,10
acrylic hat,1,,10
acrylic jewelry,1,,10
acrylic leaf,1,,10
acrylic letter,1,,10
acrylic round,1,,10
acrylic square,1,,10
acrylic yarn,200,50,100
yarn,199,1000,5000
crochet yarn,198,250,500
knitting yarn,197,50,100
yarn crochet cotton,196,50,100
wool,195,100,250
خيوط صوف,194,50,100
woolen thread,193,100,250
cotton yarn,192,100,250
yarn crochet,191,100,250
wool yarn,190,100,250
yarns,189,50,100
خيوط كروشيه,188,100,250
crochet thread,187,50,100
صوف,186,100,250
threads,185,50,100
black yarn,184,10,50
خيوط,183,50,100
خيوط كروشيه قطن,182,10,50
white yarn,181,50,100
alize yarn,180,100,250
chenille yarn,179,50,100
alize,178,50,100
fluffy yarn,177,10,50
knitting,176,50,100
loop yarn,175,50,100
خيوط اليزا,174,10,50
alize puffy yarn,173,10,50
chunky yarn,172,100,250
alize puffy,171,100,250
cotton thread,170,10,50
خيط,169,100,250
خيوط البوفي,168,10,50
خيوط بوفي,167,10,50
كروشيه,166,100,250
black thread,165,50,100
crochet,164,500,1000
knitting kit,163,50,100
thread,162,250,500
knitting set,161,50,100
crochet set,160,100,250
sewing thread,159,250,500
macrame cord,158,10,50
خيط ابيض,157,10,50
crochet kit,156,500,1000
crochet hook,155,250,500
crochet kit for beginners,154,100,250
string,153,250,500
crochet hooks,152,50,100
fabric,151,250,500
قماش للخياطة,150,50,100
knitting needles,149,100,250
embroidery thread,148,50,100
crochet needle,147,50,100
paints,146,100,250
macrame thread,145,50,100
ادوات خياطه,144,50,100
craft items,143,100,250
خياطه,142,10,50
paint,141,1000,5000
cotton paper,140,100,250
acrylic paint set,139,100,250
الوان اكريليك,138,250,500
ادوات الخياطه,137,10,50
acrylic color,136,50,100
paint set,135,10,50
dmc thread,134,10,50
fuzzy wire,133,100,250
الوان اكريلك,132,100,250
الوان مائية,131,50,100
acrylic paint,130,1000,5000
pipe cleaner,129,100,250
clay,128,1000,5000
قماش,127,50,100
craft paper,126,100,250
تطريز,125,50,100
tailoring accessories,124,50,100
pipe cleaner craft,123,50,100
ribbons,122,50,100
cross stitch,121,100,250
cotton rope,120,10,50
شباصات,119,100,250
punch needle,118,100,250
embroidery,117,50,100
acrylic paints,116,50,100
painting kit,115,10,50
modeling clay,114,50,100
painting colors,113,50,100
elastic string,112,50,100
origami paper,111,50,100
water paint,110,50,100
شباصات شعر بنات,109,250,500
الوان مائيه,108,100,250
polymer clay,107,100,250
arts and crafts,106,100,250
twine,105,50,100
crafts for kids,104,50,100
fabric color,103,10,50
foam clay,102,50,100
cross stitch kit,101,10,50
soft clay,100,10,50
beads string,99,10,50
pom poms,98,50,100
ribbon,97,500,1000
gift ribbon,96,10,50
ribbon bow,95,100,250
painting set for artist,94,10,50
punch needle kit,93,100,250
lace ribbon,92,100,250
الوان زيتيه,91,50,100
pipe cleaners,90,500,1000
صلصال الفوم,89,50,100
pottery clay,88,50,100
حلويات,87,500,1000
air dry clay,86,250,500
glitter,85,250,500
chart paper,84,500,1000
crafts,83,50,100
pink ribbon,82,50,100
knitting machine,81,10,50
coloured paper,80,50,100
modelling clay,79,10,50
crayon,78,100,250
embroidery kit,77,250,500
hair extensions braid crochet,76,50,100
ورق ملون,75,50,100
art and craft,74,100,250
kids craft,73,10,50
طين,72,100,250
تلوين,71,100,250
pom pom,70,100,250
felt fabric,69,50,100
coloring kit,68,10,50
pearl beads,67,100,250
pink bow,66,10,50
yarn winder,65,50,100
ادوات رسم للكبار,64,50,100
buttons,63,250,500
crochet hair,62,50,100
صلصال فوم,61,250,500
needle,60,250,500
ribbon for gift wrap,59,100,250
اوراق ملونه,58,50,100
acrylic paint brush,57,10,50
colour paper,56,100,250
nylon rope,55,10,50
painting set,54,250,500
colored paper,53,250,500
معجون اطفال لعب,52,50,100
free delivery items,51,10,50
watercolor,50,250,500
glass paint,49,50,100
cotton cloth,48,10,50
construction paper,47,50,100
brazilian wool,46,10,50
acrylic markers,45,500,1000
color paper,44,100,250
handkerchief,43,250,500
الون,42,10,50
cloth,41,250,500
paint palette,40,50,100
string bracelet,39,10,50
rope,38,500,1000
nylon string,37,50,100
needles,36,100,250
pearls,35,100,250
ربطات شعر للاطفال,34,50,100
حبل,33,100,250
green ribbon,32,10,50
red thread,31,10,50
copper wire,30,50,100
jute,29,50,100
pompom,28,10,50
coloring,27,100,250
jute rope,26,50,100
colour,25,50,100
plasticine,24,10,50
صلصال,23,250,500
blue ribbon,22,50,100
colored paper a4,21,50,100
acrylic markers set,20,10,50
satin ribbon,19,50,100
snow,18,10,50
acrylic paint markers,17,50,100
hair braids,16,50,100
fabric marker,15,50,100
water colors,14,50,100
mumuso,13,500,1000
clay for kids,12,250,500
tassel,11,10,50
دفتر تلوين,10,250,500
acrylic pen,9,50,100
feather,8,100,250
bracelet string,7,50,100
لولو,6,100,250
coloring book,5,1000,5000
feathers,4,50,100
water color,3,100,250
crayons set,2,100,250
acrylic marker,1,50,100
action pear,1,,10
adding volume,1,,10
adds shine,1,,10
adhesive coat,1,,10
adhesive door,1,,10
adhesive for,1,,10
adhesive hanging,1,,10
adhesive heavy,1,,10
adhesive hooks,200,250,500
self adhesive hooks,199,50,100
hook for wall,198,250,500
wall hooks,197,100,250
wall hook,196,250,500
wall hook heavy duty,195,100,250
wall hanging hook,194,100,250
hook,193,500,1000
sticker hook,192,10,50
adhesive wall hooks,191,50,100
hooks,190,250,500
sticky hooks,189,50,100
hanging hook,188,10,50
wall clip,187,10,50
تعليقات حائط,186,50,100
علاقات حائط,185,50,100
خطافات تعليق,184,50,100
wall hangers,183,50,100
adhesive hook,182,10,50
hook sticker,181,10,50
wall hanger,180,250,500
hanger wall,179,100,250
hook hanger,178,100,250
hanging,177,50,100
wall mount hook,176,50,100
wall nail,175,10,50
kitchen hooks,174,10,50
bathroom hook,173,50,100
picture hanging strips,172,50,100
wall holder,171,100,250
clothes hook,170,50,100
wall nails,169,50,100
hooks for wall,168,100,250
suction hook,167,10,50
wall adhesive,166,10,50
علاقة ملابس حائط,165,250,500
bathroom hanger,164,10,50
command hooks,163,50,100
curtain rod holder,162,250,500
no drill curtain,161,10,50
hanger stick,160,50,100
command strips,159,100,250
cloth hanger wall,158,50,100
holder,157,100,250
door hook,156,50,100
لاصق دبل فيس,155,50,100
curtain rod no drill,154,500,1000
self adhesive shelf,153,50,100
rod holder,152,50,100
clothes wall hanger,151,10,50
shower curtain rod holder,150,50,100
self adhesive,149,50,100
لاصق قوي,148,50,100
door hooks,147,10,50
adhesive,146,100,250
towel hanger,145,100,250
curtain rod bracket,144,50,100
curtain hook,143,250,500
adhesive shelf,142,100,250
broom holder,141,100,250
curtains hook,140,50,100
لاصق,139,100,250
door hook hanger,138,50,100
adhesive tape,137,50,100
mop holder,136,100,250
تعليقه,135,10,50
door hanger,134,250,500
s hook,133,50,100
مسمار,132,50,100
kitchen hanger,131,10,50
key hanger,130,50,100
s hooks,129,10,50
suction cup,128,100,250
door clothes hanger,127,50,100
command,126,50,100
wall organizer,125,50,100
velcro,124,250,500
wall hanger for clothes,123,50,100
hook and loop,122,50,100
towel holder,121,250,500
phone wall holder,120,10,50
curtain holder,119,100,250
لصق,118,50,100
velcro tape,117,50,100
bag hanger,116,100,250
double tape,115,250,500
3m,114,100,250
velcro strap,113,100,250
over the door hook,112,50,100
wall mobile holder,111,50,100
double sided tape heavy duty,110,100,250
double face tape,109,100,250
wall shelf no drill,108,250,500
shower holder,107,100,250
double sided tape,106,1000,5000
phone holder wall,105,100,250
wall tape,104,10,50
mobile holder for wall,103,100,250
no drill shelf,102,50,100
3m command,101,10,50
key holders for wall,100,100,250
hanger organizer,99,50,100
wall,98,100,250
wall phone holder,97,50,100
ادوات الحمام,96,100,250
bag holder,95,100,250
mobile stand for wall,94,10,50
علاق,93,50,100
wall clothes hanger,92,50,100
mobile wall holder,91,50,100
no drill curtain rod,90,50,100
washroom,89,100,250
wall hanging storage,88,10,50
bathroom,87,1000,5000
shower shelf,86,100,250
شماعات لتعليق الملابس,85,100,250
dress hanger,84,50,100
wire holder,83,50,100
wall mounted rack,82,100,250
cable clips,81,100,250
مشبك ملابس,80,50,100
مغناطيس لاصق,79,10,50
kitchen towel holder,78,100,250
soap stand,77,10,50
wall storage,76,50,100
double side tape,75,10,50
hanging shelf,74,100,250
حمام,73,250,500
door hanging,72,50,100
cloth hanger,71,250,500
bath organizer,70,50,100
clothes hanger wall,69,50,100
tissue roll holder,68,100,250
curtain hooks,67,100,250
keys holder,66,50,100
معلاق,65,50,100
key holder,64,250,500
bathroom holder,63,100,250
bathroom shelf,62,500,1000
towel rod,61,10,50
hanger clothes,60,100,250
shampoo holder,59,100,250
curtain bracket,58,10,50
ديكور حمام,57,50,100
shower curtain hooks,56,50,100
clothes clips,55,50,100
clips for drying clothes,54,100,250
wardrobe hanger,53,10,50
لاصق جدار,52,50,100
shower shelves,51,10,50
shower rack,50,100,250
bathroom corner,49,50,100
الحمام,48,100,250
kitchen wall rack,47,50,100
مستلزمات الحمام,46,50,100
clothes hangers,45,100,250
shower stand,44,50,100
hanging shelves,43,250,500
علاقة,42,100,250
floor sticker,41,10,50
shower caddy,40,500,1000
hunger clothes,39,100,250
shampoo organizer,38,10,50
guitar wall mount,37,50,100
anchor,36,100,250
bathroom caddy,35,100,250
plastic hangers,34,50,100
soap holder,33,500,1000
shower organizer,32,100,250
wall rack,31,100,250
bathroom accessories,30,500,1000
bathroom decor,29,100,250
curtain rings,28,100,250
wall design,27,50,100
clothing hanger,26,50,100
coat hangers,25,100,250
acrylic shelf,24,10,50
3m double sided tape,23,100,250
مشابك غسيل,22,50,100
command strip,21,10,50
clip hanger,20,100,250
stopper,19,10,50
hanger with clip,18,100,250
shower organiser,17,10,50
clothes clip,16,10,50
clothes pin,15,10,50
شريط لاصق,14,50,100
ملصقات حائط,13,100,250
bathroom organiser,12,250,500
رف حمام,11,100,250
حامل صابون,10,10,50
معلاق الملابس,9,100,250
bathroom decoration,8,10,50
bath room,7,10,50
3m tape,6,100,250
bath shelf,5,10,50
shower head holder,4,100,250
mirror sticker,3,50,100
bathroom shelves,2,250,500
cable holder,1,50,100
adhesive strip,1,,10
adhesive strips,1,,10
adhesive towel,1,,10
adhesive wall,1,,10
adjustable flatware,1,,10
adult friendship,1,,10
adults beginners,1,,10
adults kids,1,,10
aegend pair,1,,10
aen art,1,,10
aesthetic removable,1,,10
agate natural,1,,10
aid for,1,,10
alcohol free,1,,10
alkalis great,1,,10
all black,1,,10
all hair,1,,10
all other,1,,10
all purpose,1,,10
all thread,1,,10
all white,1,,10
alloy tube,1,,10
alphabet beads,1,,10
alphabet letter,1,,10
alphabetical order,1,,10
always daily,1,,10
always maxi,1,,10
always pocket,1,,10
always radiant,1,,10
always ultra,1,,10
amaney pcs,1,,10
amazer dish,1,,10
amazer shower,1,,10
amazon basics,1,,10
and accessories,1,,10
and all,1,,10
and barbers,1,,10
and bathtub,1,,10
and bedroom,1,,10
and bristles,1,,10
and bruising,1,,10
and cleaning,1,,10
and coats,1,,10
and collectible,1,,10
and command,1,,10
and crafting,1,,10
and crafts,1,,10
and crystal,1,,10
and curly,1,,10
and cushion,1,,10
and cutlery,1,,10
and damaged,1,,10
and delivery,1,,10
and detangling,1,,10
and diy,1,,10
and dry,1,,10
and dual,1,,10
and easy,1,,10
and etc,1,,10
and even,1,,10
and everyday,1,,10
and fine,1,,10
and firm,1,,10
and flip,1,,10
and flipping,1,,10
and glides,1,,10
and gold,1,,10
and grooves,1,,10
and hair,1,,10
and hand,1,,10
and hat,1,,10
and hats,1,,10
and heat,1,,10
and home,1,,10
and hooks,1,,10
and hotels,1,,10
and household,1,,10
and kids,1,,10
and kitchen,1,,10
and knitting,1,,10
and lanterns,1,,10
and latex,1,,10
and leaks,1,,10
and lipstick,1,,10
and loofahs,1,,10
and makes,1,,10
and man,1,,10
and medications,1,,10
and men,1,,10
and mid,1,,10
and more,1,,10
and mugs,1,,10
and mustache,1,,10
and mustaches,1,,10
and non,1,,10
and office,1,,10
and ornaments,1,,10
and other,1,,10
and outdoor,1,,10
and pain,1,,10
and parting,1,,10
and polyester,1,,10
and post,1,,10
and prevents,1,,10
and recycled,1,,10
and red,1,,10
and ribbons,1,,10
and rustproof,1,,10
and sewing,1,,10
and shoe,1,,10
and sleek,1,,10
and smooth,1,,10
and smooths,1,,10
and spine,1,,10
and stainless,1,,10
and storage,1,,10
and store,1,,10
and straight,1,,10
and styling,1,,10
and tempera,1,,10
and textured,1,,10
and thick,1,,10
and those,1,,10
and thread,1,,10
and towel,1,,10
and ultra,1,,10
and uncontrollable,1,,10
and utensil,1,,10
and vented,1,,10
and water,1,,10
and wet,1,,10
and wide,1,,10
and wolfing,1,,10
and women,1,,10
and wrap,1,,10
angle simple,1,,10
animal cake,1,,10
animal fruit,1,,10
anti abrasion,1,,10
anti pilling,1,,10
anti slip,1,,10
anti static,1,,10
antimbee pack,1,,10
antique silver,1,,10
any table,1,,10
apexup cooling,1,,10
appliances with,1,,10
application women,1,,10
aprons coats,1,,10
aqua natural,1,,10
aquavent design,1,,10
are blow,1,,10
arm compression,1,,10
arm cover,200,50,100
sleeves,199,250,500
arm sleeves,198,100,250
arm sleeve,197,100,250
arm sleeves for men,196,250,500
arms sleeve,195,50,100
sleeves for men,194,100,250
sun protection sleeves,193,50,100
اكمام ذراع,192,10,50
hand sleeve sun protection,191,50,100
hand sleeves,190,100,250
arm sleeves for women,189,10,50
hand cover,188,100,250
hand protection,187,10,50
sleeve,186,100,250
اكمام ذراع نسائية,185,50,100
sleeves for women,184,50,100
uv protection,183,50,100
elbow sleeve,182,50,100
leg sleeve,181,50,100
uv gloves,180,50,100
قفاز,179,250,500
sun gloves,178,10,50
volleyball accessories,177,50,100
driving gloves,176,100,250
uv protection gloves,175,10,50
neck gaiter,174,50,100
face cover,173,50,100
قفازات,172,250,500
hand gloves,171,100,250
sun protection face mask,170,50,100
elbow pads,169,10,50
neck cover,168,50,100
hand gloves for men,167,250,500
arm band,166,100,250
face mask for summer,165,50,100
glove,164,50,100
long gloves,163,10,50
uv protection face mask,162,50,100
قفازات نسائية,161,50,100
gloves for men,160,50,100
ضاغط للرجل,159,50,100
calf support,158,10,50
قناع للوجه,157,250,500
face mask cloth,156,100,250
knee sleeve,155,100,250
face cover for men,154,100,250
rockbros,153,100,250
neck scarf,152,50,100
lace gloves,151,50,100
sun protection cap,150,10,50
leg support,149,50,100
winter gloves,148,50,100
bike mask,147,10,50
sweatband,146,100,250
sport,145,250,500
arm support,144,50,100
shrug,143,100,250
support,142,10,50
sports headband,141,50,100
gym headband,140,10,50
bike safety,139,50,100
knee cover,138,10,50
headband for men,137,250,500
ski gloves,136,10,50
elbow band,135,50,100
gloves for winter,134,100,250
قفازات رياضية,133,100,250
sweat band,132,10,50
knee pads volleyball,131,100,250
ski,130,100,250
compression,129,250,500
balaclava face mask,128,10,50
headband men,127,50,100
رباط ضاغط,126,10,50
جوارب ضاغطة للدوالي,125,50,100
sun cap,124,10,50
sun protection clothing,123,50,100
compression sock,122,50,100
sun protection jacket,121,10,50
gym accessories men,120,250,500
fishing hat,119,50,100
sports gloves,118,10,50
running phone holder,117,50,100
full face mask,116,50,100
ski mask,115,250,500
knee compression,114,50,100
riding gloves,113,100,250
balaclava,112,100,250
sport gloves,111,50,100
knee pad,110,250,500
bike gloves,109,100,250
hand band,108,100,250
lifting gloves,107,10,50
gym gloves for ladies,106,250,500
gym clothes,105,100,250
head mask,104,10,50
workout gloves,103,100,250
gym wear,102,100,250
mobile holder for running,101,10,50
knee pads,100,250,500
swim,99,100,250
gloves gym,98,500,1000
cycling gloves,97,50,100
compression socks,96,500,1000
sun visor hat,95,50,100
جرابات,94,100,250
gloves for gym,93,50,100
mask,92,1000,5000
fitness gloves,91,50,100
دعامة الركبة,90,10,50
hand gloves for gym,89,100,250
مظلة شمسية,88,50,100
مشد لليد,87,50,100
knee guard,86,50,100
phone holder running,85,50,100
head band,84,100,250
long socks men,83,100,250
elbow support,82,250,500
gym hand gloves,81,100,250
wrist band,80,250,500
compression stocking,79,100,250
knee support for women,78,10,50
شربات,77,10,50
sun hat for men,76,50,100
face mask for men,75,250,500
football stuff,74,50,100
gloves for motorcycle,73,250,500
knee protector,72,10,50
swim shirt men,71,10,50
cooking gloves,70,50,100
volleyball knee pads,69,50,100
gym gloves for men,68,1000,5000
skull cap,67,100,250
running accessories,66,50,100
training gloves,65,100,250
leg bandage,64,50,100
medical compression socks,63,10,50
knee band,62,50,100
sportswear,61,100,250
motorcycle accessories,60,250,500
knee cap,59,100,250
finger protector,58,10,50
gym clothes men,57,1000,5000
winter,56,100,250
ربطة شعر رياضية,55,10,50
visor cap,54,10,50
gym gloves,53,1000,5000
long socks,52,100,250
knee support for gym,51,100,250
مظلة,50,50,100
cloth mask,49,50,100
hand strap,48,50,100
workout clothes,47,250,500
compression stockings,46,100,250
headbands,45,100,250
gym wear for men,44,250,500
beach,43,250,500
medical socks,42,50,100
رياضة,41,100,250
shin pads football,40,50,100
sport socks,39,100,250
gym dress for men,38,100,250
summer hat for men,37,10,50
headband,36,1000,5000
kids gloves,35,10,50
weight lifting gloves,34,100,250
elbow support for gym,33,100,250
gym glove,32,50,100
cycling jersey men,31,50,100
rash guard men,30,100,250
flight socks,29,50,100
shin pads,28,250,500
sports socks men,27,100,250
swimming shirt men,26,10,50
swimming shirt,25,50,100
basketball accessories,24,50,100
motorcycle gloves,23,100,250
sports wear,22,100,250
knee cap for pain,21,100,250
sun hat,20,250,500
wrist support,19,500,1000
rain coat men,18,100,250
bike safety kit,17,250,500
sports socks,16,50,100
knee supporter for men,15,1000,5000
head cover for men,14,100,250
قفازات مطبخ,13,100,250
hand bandage,12,50,100
beach accessories,11,50,100
socks men cotton,10,250,500
motorbike accessories,9,100,250
knee high socks,8,10,50
knee,7,100,250
mens gym wear,6,100,250
diabetic socks,5,50,100
running socks,4,100,250
varicose veins socks,3,100,250
hand gloves for kitchen,2,50,100
جوارب رجالي,1,250,500
arm covers,1,,10
arm elastic,1,,10
arm men,1,,10
arm protectors,1,,10
arm shapers,1,,10
arm sleeve,200,100,250
sleeves,199,250,500
arm sleeves,198,100,250
arm cover,197,50,100
arm sleeves for men,196,250,500
arms sleeve,195,50,100
sleeves for men,194,100,250
اكمام ذراع,193,10,50
sun protection sleeves,192,50,100
hand sleeves,191,100,250
arm sleeves for women,190,10,50
hand sleeve sun protection,189,50,100
hand protection,188,10,50
hand cover,187,100,250
sleeve,186,100,250
اكمام ذراع نسائية,185,50,100
sleeves for women,184,50,100
elbow sleeve,183,50,100
leg sleeve,182,50,100
uv protection,181,50,100
قفاز,180,250,500
uv gloves,179,50,100
volleyball accessories,178,50,100
sun gloves,177,10,50
قفازات,176,250,500
driving gloves,175,100,250
hand gloves,174,100,250
uv protection gloves,173,10,50
hand gloves for men,172,250,500
elbow pads,171,10,50
arm band,170,100,250
long gloves,169,10,50
glove,168,50,100
face cover,167,50,100
neck gaiter,166,50,100
sun protection face mask,165,50,100
gloves for men,164,50,100
calf support,163,10,50
neck cover,162,50,100
ضاغط للرجل,161,50,100
knee sleeve,160,100,250
قفازات نسائية,159,50,100
face mask for summer,158,50,100
uv protection face mask,157,50,100
leg support,156,50,100
lace gloves,155,50,100
arm support,154,50,100
قناع للوجه,153,250,500
winter gloves,152,50,100
face mask cloth,151,100,250
rockbros,150,100,250
elbow band,149,50,100
knee cover,148,10,50
support,147,10,50
قفازات رياضية,146,100,250
neck scarf,145,50,100
sport,144,250,500
bike safety,143,50,100
face cover for men,142,100,250
ski gloves,141,10,50
knee pads volleyball,140,100,250
sun protection cap,139,10,50
shrug,138,100,250
جوارب ضاغطة للدوالي,137,50,100
رباط ضاغط,136,10,50
sweatband,135,100,250
compression,134,250,500
bike mask,133,10,50
sports gloves,132,10,50
gloves for winter,131,100,250
compression sock,130,50,100
gym accessories men,129,250,500
sports headband,128,50,100
ski,127,100,250
gym headband,126,10,50
sport gloves,125,50,100
lifting gloves,124,10,50
riding gloves,123,100,250
knee compression,122,50,100
gym gloves for ladies,121,250,500
workout gloves,120,100,250
knee pad,119,250,500
headband for men,118,250,500
gloves gym,117,500,1000
bike gloves,116,100,250
gloves for gym,115,50,100
balaclava face mask,114,10,50
knee pads,113,250,500
sweat band,112,10,50
hand gloves for gym,111,100,250
headband men,110,50,100
fitness gloves,109,50,100
cycling gloves,108,50,100
دعامة الركبة,107,10,50
running phone holder,106,50,100
مشد لليد,105,50,100
compression socks,104,500,1000
gym hand gloves,103,100,250
elbow support,102,250,500
compression stocking,101,100,250
knee guard,100,50,100
sun protection clothing,99,50,100
sun cap,98,10,50
sun protection jacket,97,10,50
ski mask,96,250,500
gym wear,95,100,250
full face mask,94,50,100
gym clothes,93,100,250
gym gloves for men,92,1000,5000
knee support for women,91,10,50
balaclava,90,100,250
mobile holder for running,89,10,50
knee protector,88,10,50
hand band,87,100,250
head mask,86,10,50
training gloves,85,100,250
wrist band,84,250,500
gym gloves,83,1000,5000
gloves for motorcycle,82,250,500
volleyball knee pads,81,50,100
leg bandage,80,50,100
knee cap,79,100,250
compression stockings,78,100,250
fishing hat,77,50,100
knee band,76,50,100
knee support for gym,75,100,250
phone holder running,74,50,100
swim,73,100,250
elbow support for gym,72,100,250
mask,71,1000,5000
medical compression socks,70,10,50
جرابات,69,100,250
weight lifting gloves,68,100,250
medical socks,67,50,100
head band,66,100,250
finger protector,65,10,50
gym glove,64,50,100
long socks men,63,100,250
cooking gloves,62,50,100
sun visor hat,61,50,100
شربات,60,10,50
football stuff,59,50,100
workout clothes,58,250,500
sportswear,57,100,250
running accessories,56,50,100
hand strap,55,50,100
motorcycle accessories,54,250,500
long socks,53,100,250
winter,52,100,250
wrist support,51,500,1000
motorcycle gloves,50,100,250
face mask for men,49,250,500
رياضة,48,100,250
skull cap,47,100,250
flight socks,46,50,100
varicose veins socks,45,100,250
مظلة شمسية,44,50,100
knee cap for pain,43,100,250
hand bandage,42,50,100
knee supporter for men,41,1000,5000
shin pads football,40,50,100
gym clothes men,39,1000,5000
kids gloves,38,10,50
sun hat for men,37,50,100
elbow brace,36,50,100
knee,35,100,250
gym wear for men,34,250,500
shin pads,33,250,500
ربطة شعر رياضية,32,10,50
basketball accessories,31,50,100
gym dress for men,30,100,250
sport socks,29,100,250
bike safety kit,28,250,500
knee high socks,27,10,50
swim shirt men,26,10,50
headbands,25,100,250
hand support,24,100,250
rash guard men,23,100,250
motorbike accessories,22,100,250
sports wear,21,100,250
cycling jersey men,20,50,100
قفازات مطبخ,19,100,250
diabetic socks,18,50,100
مظلة,17,50,100
hand gloves for kitchen,16,50,100
headband,15,1000,5000
sports socks men,14,100,250
gym wrist strap,13,50,100
sports socks,12,50,100
elbow wraps,11,10,50
ملابس رياضيه نسائيه,10,250,500
gym outfit,9,100,250
workout clothes women,8,50,100
sport clothes,7,50,100
cloth mask,6,50,100
beach,5,250,500
knee support,4,500,1000
wrist wraps,3,100,250
مشد رجالي,2,50,100
ملابس رياضية نسائية,1,100,250
arm sleeves,200,100,250
arm cover,199,50,100
sleeves,198,250,500
arm sleeve,197,100,250
arm sleeves for men,196,250,500
arms sleeve,195,50,100
sleeves for men,194,100,250
اكمام ذراع,193,10,50
sun protection sleeves,192,50,100
hand sleeve sun protection,191,50,100
hand sleeves,190,100,250
arm sleeves for women,189,10,50
hand cover,188,100,250
hand protection,187,10,50
sleeve,186,100,250
اكمام ذراع نسائية,185,50,100
sleeves for women,184,50,100
elbow sleeve,183,50,100
قفاز,182,250,500
leg sleeve,181,50,100
uv protection,180,50,100
uv gloves,179,50,100
volleyball accessories,178,50,100
sun gloves,177,10,50
قفازات,176,250,500
hand gloves,175,100,250
driving gloves,174,100,250
uv protection gloves,173,10,50
hand gloves for men,172,250,500
elbow pads,171,10,50
long gloves,170,10,50
glove,169,50,100
neck gaiter,168,50,100
arm band,167,100,250
face cover,166,50,100
sun protection face mask,165,50,100
gloves for men,164,50,100
neck cover,163,50,100
ضاغط للرجل,162,50,100
calf support,161,10,50
قفازات نسائية,160,50,100
face mask for summer,159,50,100
uv protection face mask,158,50,100
knee sleeve,157,100,250
lace gloves,156,50,100
leg support,155,50,100
قناع للوجه,154,250,500
rockbros,153,100,250
winter gloves,152,50,100
face mask cloth,151,100,250
face cover for men,150,100,250
arm support,149,50,100
sport,148,250,500
قفازات رياضية,147,100,250
support,146,10,50
sweatband,145,100,250
neck scarf,144,50,100
جوارب ضاغطة للدوالي,143,50,100
gloves for winter,142,100,250
knee cover,141,10,50
ski gloves,140,10,50
sun protection cap,139,10,50
elbow band,138,50,100
compression sock,137,50,100
shrug,136,100,250
sports headband,135,50,100
bike safety,134,50,100
compression,133,250,500
knee pads volleyball,132,100,250
bike mask,131,10,50
gym headband,130,10,50
headband for men,129,250,500
رباط ضاغط,128,10,50
sports gloves,127,10,50
gym accessories men,126,250,500
ski,125,100,250
headband men,124,50,100
sport gloves,123,50,100
lifting gloves,122,10,50
sweat band,121,10,50
workout gloves,120,100,250
riding gloves,119,100,250
gloves gym,118,500,1000
gym gloves for ladies,117,250,500
bike gloves,116,100,250
compression socks,115,500,1000
knee compression,114,50,100
hand gloves for gym,113,100,250
balaclava face mask,112,10,50
fitness gloves,111,50,100
gloves for gym,110,50,100
knee pad,109,250,500
cycling gloves,108,50,100
running phone holder,107,50,100
مشد لليد,106,50,100
gym hand gloves,105,100,250
hand band,104,100,250
compression stocking,103,100,250
knee pads,102,250,500
sun cap,101,10,50
sun protection clothing,100,50,100
دعامة الركبة,99,10,50
ski mask,98,250,500
full face mask,97,50,100
mobile holder for running,96,10,50
gym clothes,95,100,250
head mask,94,10,50
balaclava,93,100,250
sun protection jacket,92,10,50
gym wear,91,100,250
gym gloves for men,90,1000,5000
wrist band,89,250,500
gym gloves,88,1000,5000
elbow support,87,250,500
knee guard,86,50,100
جرابات,85,100,250
knee support for women,84,10,50
medical compression socks,83,10,50
long socks men,82,100,250
gloves for motorcycle,81,250,500
fishing hat,80,50,100
training gloves,79,100,250
phone holder running,78,50,100
compression stockings,77,100,250
mask,76,1000,5000
finger protector,75,10,50
swim,74,100,250
medical socks,73,50,100
knee protector,72,10,50
شربات,71,10,50
leg bandage,70,50,100
volleyball knee pads,69,50,100
gym glove,68,50,100
head band,67,100,250
knee cap,66,100,250
cooking gloves,65,50,100
long socks,64,100,250
weight lifting gloves,63,100,250
knee band,62,50,100
elbow support for gym,61,100,250
hand strap,60,50,100
face mask for men,59,250,500
sun visor hat,58,50,100
flight socks,57,50,100
football stuff,56,50,100
winter,55,100,250
knee support for gym,54,100,250
skull cap,53,100,250
sportswear,52,100,250
motorcycle accessories,51,250,500
running accessories,50,50,100
kids gloves,49,10,50
gym clothes men,48,1000,5000
swim shirt men,47,10,50
sport socks,46,100,250
motorcycle gloves,45,100,250
workout clothes,44,250,500
wrist support,43,500,1000
varicose veins socks,42,100,250
رياضة,41,100,250
مظلة شمسية,40,50,100
hand bandage,39,50,100
sun hat for men,38,50,100
ربطة شعر رياضية,37,10,50
gym dress for men,36,100,250
gym wear for men,35,250,500
knee high socks,34,10,50
knee cap for pain,33,100,250
sports socks men,32,100,250
knee supporter for men,31,1000,5000
cycling jersey men,30,50,100
sports socks,29,50,100
rash guard men,28,100,250
cloth mask,27,50,100
bike safety kit,26,250,500
elbow brace,25,50,100
headbands,24,100,250
قفازات مطبخ,23,100,250
مظلة,22,50,100
knee,21,100,250
diabetic socks,20,50,100
shin pads football,19,50,100
finger,18,50,100
basketball accessories,17,50,100
gym wrist strap,16,50,100
headband,15,1000,5000
hand gloves for kitchen,14,50,100
sports wear,13,100,250
beach,12,250,500
socks men cotton,11,250,500
wrist supporter for gym,10,100,250
مشد رجالي,9,50,100
shin pads,8,250,500
football socks for kids,7,50,100
wrist wraps,6,100,250
running socks,5,100,250
motorbike accessories,4,100,250
hand support,3,100,250
head cover for men,2,100,250
ملابس رياضية نسائية,1,100,250
arm stockings,1,,10
arm sun,1,,10
arm sunscreen,1,,10
arms for,1,,10
arms ice,1,,10
armwarmer stretch,1,,10
arrozon birth,1,,10
art and,1,,10
art arm,1,,10
art brushes,1,,10
art coaster,1,,10
art coasters,1,,10
art essential,1,,10
art pencil,1,,10
art professional,1,,10
art stockings,1,,10
art tool,1,,10
artdot pcs,1,,10
artdot pieces,1,,10
arts and,1,,10
arts fake,1,,10
aspen the,1,,10
aspen tweed,1,,10
assorted beads,1,,10
assorted color,1,,10
assorted colors,1,,10
assorted letter,1,,10
assorted preppy,1,,10
assortment pack,1,,10
augshy clay,1,,10
